student_id,university_id,student_name,department_id,current_gpa,level,semester,completed_credits,total_credits,email,phone,admission_year,status,created_at,password
1,STU0001,Ahmed Mohamed,1,0.00,1,1,0,134,student1@university.edu,0100000001,2023,active,2025-12-14T15:36:34.4900000,pass0001
2,STU0002,Mohamed Khaled,1,0.00,1,1,0,134,student2@university.edu,0100000002,2023,active,2025-12-14T15:36:34.4900000,pass0002
3,STU0003,Ali Hassan,1,0.00,1,1,0,134,student3@university.edu,0100000003,2023,active,2025-12-14T15:36:34.4900000,pass0003
4,STU0004,Omar Ibrahim,1,0.00,1,1,0,134,student4@university.edu,0100000004,2023,active,2025-12-14T15:36:34.4900000,pass0004
5,STU0005,Khaled Saad,1,0.00,1,1,0,134,student5@university.edu,0100000005,2023,active,2025-12-14T15:36:34.4900000,pass0005
6,STU0006,Saeed Mostafa,1,0.00,1,1,0,134,student6@university.edu,0100000006,2023,active,2025-12-14T15:36:34.4900000,pass0006
7,STU0007,Mostafa Youssef,1,0.00,1,1,0,134,student7@university.edu,0100000007,2023,active,2025-12-14T15:36:34.4933333,pass0007
8,STU0008,Youssef Mahmoud,1,0.00,1,1,0,134,student8@university.edu,0100000008,2023,active,2025-12-14T15:36:34.4933333,pass0008
9,STU0009,Hassan Ali,1,0.00,1,1,0,134,student9@university.edu,0100000009,2023,active,2025-12-14T15:36:34.4933333,pass0009
10,STU0010,Hussein Abdullah,1,0.00,1,1,0,134,student10@university.edu,0100000010,2023,active,2025-12-14T15:36:34.4933333,pass0010
11,STU0011,Ibrahim Abdulrahman,1,0.00,1,1,0,134,student11@university.edu,0100000011,2023,active,2025-12-14T15:36:34.4933333,pass0011
12,STU0012,Abdullah Abdulaziz,1,0.00,1,1,0,134,student12@university.edu,0100000012,2023,active,2025-12-14T15:36:34.4933333,pass0012
13,STU0013,Abdulrahman Salman,1,0.00,1,1,0,134,student13@university.edu,0100000013,2023,active,2025-12-14T15:36:34.4933333,pass0013
14,STU0014,Abdulaziz Faisal,1,0.00,1,1,0,134,student14@university.edu,0100000014,2023,active,2025-12-14T15:36:34.4933333,pass0014
15,STU0015,Salman Nasser,1,0.00,1,1,0,134,student15@university.edu,0100000015,2023,active,2025-12-14T15:36:34.4933333,pass0015
16,STU0016,Faisal Bandar,1,0.00,1,1,0,134,student16@university.edu,0100000016,2023,active,2025-12-14T15:36:34.4933333,pass0016
17,STU0017,Nasser Fahd,1,0.00,1,1,0,134,student17@university.edu,0100000017,2023,active,2025-12-14T15:36:34.4933333,pass0017
18,STU0018,Bandar Naif,1,0.00,1,1,0,134,student18@university.edu,0100000018,2023,active,2025-12-14T15:36:34.4933333,pass0018
19,STU0019,Fahd Turki,1,0.00,1,1,0,134,student19@university.edu,0100000019,2023,active,2025-12-14T15:36:34.4933333,pass0019
20,STU0020,Naif Sulaiman,1,0.00,1,1,0,134,student20@university.edu,0100000020,2023,active,2025-12-14T15:36:34.4966667,pass0020
21,STU0021,Turki Rashid,1,0.00,1,1,0,134,student21@university.edu,0100000021,2023,active,2025-12-14T15:36:34.4966667,pass0021
22,STU0022,Sulaiman Zaid,1,0.00,1,1,0,134,student22@university.edu,0100000022,2023,active,2025-12-14T15:36:34.4966667,pass0022
23,STU0023,Rashid Walid,1,0.00,1,1,0,134,student23@university.edu,0100000023,2023,active,2025-12-14T15:36:34.4966667,pass0023
24,STU0024,Zaid Hisham,1,0.00,1,1,0,134,student24@university.edu,0100000024,2023,active,2025-12-14T15:36:34.4966667,pass0024
25,STU0025,Walid Tariq,1,0.00,1,1,0,134,student25@university.edu,0100000025,2023,active,2025-12-14T15:36:34.4966667,pass0025
26,STU0026,Hisham Jamal,1,0.00,1,1,0,134,student26@university.edu,0100000026,2023,active,2025-12-14T15:36:34.4966667,pass0026
27,STU0027,Tariq Wissam,1,0.00,1,1,0,134,student27@university.edu,0100000027,2023,active,2025-12-14T15:36:34.4966667,pass0027
28,STU0028,Jamal Qusai,1,0.00,1,1,0,134,student28@university.edu,0100000028,2023,active,2025-12-14T15:36:34.4966667,pass0028
29,STU0029,Wissam Abdulmajid,1,0.00,1,1,0,134,student29@university.edu,0100000029,2023,active,2025-12-14T15:36:34.4966667,pass0029
30,STU0030,Qusai Abdulhadi,1,0.00,1,1,0,134,student30@university.edu,0100000030,2023,active,2025-12-14T15:36:34.4966667,pass0030
31,STU0031,Faris Nawaf,1,0.00,1,1,0,134,student31@university.edu,0100000031,2023,active,2025-12-14T15:36:34.5000000,pass0031
32,STU0032,Nawaf Majed,1,0.00,1,1,0,134,student32@university.edu,0100000032,2023,active,2025-12-14T15:36:34.5000000,pass0032
33,STU0033,Majed Badr,1,0.00,1,1,0,134,student33@university.edu,0100000033,2023,active,2025-12-14T15:36:34.5000000,pass0033
34,STU0034,Badr Riyadh,1,0.00,1,1,0,134,student34@university.edu,0100000034,2023,active,2025-12-14T15:36:34.5000000,pass0034
35,STU0035,Riyadh Salem,1,0.00,1,1,0,134,student35@university.edu,0100000035,2023,active,2025-12-14T15:36:34.5033333,pass0035
36,STU0036,Salem Abdullah,1,0.00,1,1,0,134,student36@university.edu,0100000036,2023,active,2025-12-14T15:36:34.5033333,pass0036
37,STU0037,Abdulmalik Abdulrahman,1,0.00,1,1,0,134,student37@university.edu,0100000037,2023,active,2025-12-14T15:36:34.5066667,pass0037
38,STU0038,Abdulilah Abdulaziz,1,0.00,1,1,0,134,student38@university.edu,0100000038,2023,active,2025-12-14T15:36:34.5066667,pass0038
39,STU0039,Abdulmohsen Salman,1,0.00,1,1,0,134,student39@university.edu,0100000039,2023,active,2025-12-14T15:36:34.5066667,pass0039
40,STU0040,Abdulmueen Faisal,1,0.00,1,1,0,134,student40@university.edu,0100000040,2023,active,2025-12-14T15:36:34.5100000,pass0040
41,STU0041,Fatima Ahmed,1,0.00,1,1,0,134,student41@university.edu,0100000041,2023,active,2025-12-14T15:36:34.5100000,pass0041
42,STU0042,Sarah Mohamed,1,0.00,1,1,0,134,student42@university.edu,0100000042,2023,active,2025-12-14T15:36:34.5100000,pass0042
43,STU0043,Maryam Mahmoud,1,0.00,1,1,0,134,student43@university.edu,0100000043,2023,active,2025-12-14T15:36:34.5100000,pass0043
44,STU0044,Aisha Ali,1,0.00,1,1,0,134,student44@university.edu,0100000044,2023,active,2025-12-14T15:36:34.5100000,pass0044
45,STU0045,Khadija Omar,1,0.00,1,1,0,134,student45@university.edu,0100000045,2023,active,2025-12-14T15:36:34.5100000,pass0045
46,STU0046,Noura Khaled,1,0.00,1,1,0,134,student46@university.edu,0100000046,2023,active,2025-12-14T15:36:34.5100000,pass0046
47,STU0047,Latifa Saeed,1,0.00,1,1,0,134,student47@university.edu,0100000047,2023,active,2025-12-14T15:36:34.5133333,pass0047
48,STU0048,Hana Mostafa,1,0.00,1,1,0,134,student48@university.edu,0100000048,2023,active,2025-12-14T15:36:34.5133333,pass0048
49,STU0049,Iman Youssef,1,0.00,1,1,0,134,student49@university.edu,0100000049,2023,active,2025-12-14T15:36:34.5133333,pass0049
50,STU0050,Amina Hassan,1,0.00,1,1,0,134,student50@university.edu,0100000050,2023,active,2025-12-14T15:36:34.5133333,pass0050
51,STU0051,Hessa Hussein,1,0.00,1,1,0,134,student51@university.edu,0100000051,2023,active,2025-12-14T15:36:34.5133333,pass0051
52,STU0052,Aljohara Ibrahim,1,0.00,1,1,0,134,student52@university.edu,0100000052,2023,active,2025-12-14T15:36:34.5133333,pass0052
53,STU0053,Nouf Abdullah,1,0.00,1,1,0,134,student53@university.edu,0100000053,2023,active,2025-12-14T15:36:34.5133333,pass0053
54,STU0054,Lama Abdulrahman,1,0.00,1,1,0,134,student54@university.edu,0100000054,2023,active,2025-12-14T15:36:34.5133333,pass0054
55,STU0055,Reema Abdulaziz,1,0.00,1,1,0,134,student55@university.edu,0100000055,2023,active,2025-12-14T15:36:34.5133333,pass0055
56,STU0056,Dima Salman,1,0.00,1,1,0,134,student56@university.edu,0100000056,2023,active,2025-12-14T15:36:34.5133333,pass0056
57,STU0057,Shahd Faisal,1,0.00,1,1,0,134,student57@university.edu,0100000057,2023,active,2025-12-14T15:36:34.5133333,pass0057
58,STU0058,Raghad Nasser,1,0.00,1,1,0,134,student58@university.edu,0100000058,2023,active,2025-12-14T15:36:34.5133333,pass0058
59,STU0059,Razan Bandar,1,0.00,1,1,0,134,student59@university.edu,0100000059,2023,active,2025-12-14T15:36:34.5133333,pass0059
60,STU0060,Tala Fahd,1,0.00,1,1,0,134,student60@university.edu,0100000060,2023,active,2025-12-14T15:36:34.5133333,pass0060
61,STU0061,Reem Tariq,1,0.00,1,1,0,134,student61@university.edu,0100000061,2023,active,2025-12-14T15:36:34.5166667,pass0061
62,STU0062,Amal Walid,1,0.00,1,1,0,134,student62@university.edu,0100000062,2023,active,2025-12-14T15:36:34.5166667,pass0062
63,STU0063,Samar Hisham,1,0.00,1,1,0,134,student63@university.edu,0100000063,2023,active,2025-12-14T15:36:34.5166667,pass0063
64,STU0064,Ghada Jamal,1,0.00,1,1,0,134,student64@university.edu,0100000064,2023,active,2025-12-14T15:36:34.5166667,pass0064
65,STU0065,Mona Wissam,1,0.00,1,1,0,134,student65@university.edu,0100000065,2023,active,2025-12-14T15:36:34.5166667,pass0065
66,STU0066,Noha Qusai,1,0.00,1,1,0,134,student66@university.edu,0100000066,2023,active,2025-12-14T15:36:34.5166667,pass0066
67,STU0067,Maha Faris,1,0.00,1,1,0,134,student67@university.edu,0100000067,2023,active,2025-12-14T15:36:34.5166667,pass0067
68,STU0068,Ibtisam Nawaf,1,0.00,1,1,0,134,student68@university.edu,0100000068,2023,active,2025-12-14T15:36:34.5166667,pass0068
69,STU0069,Basma Majed,1,0.00,1,1,0,134,student69@university.edu,0100000069,2023,active,2025-12-14T15:36:34.5200000,pass0069
70,STU0070,Huda Badr,1,0.00,1,1,0,134,student70@university.edu,0100000070,2023,active,2025-12-14T15:36:34.5200000,pass0070
71,STU0071,Zainab Riyadh,1,0.00,1,1,0,134,student71@university.edu,0100000071,2023,active,2025-12-14T15:36:34.5200000,pass0071
72,STU0072,Malak Salem,1,0.00,1,1,0,134,student72@university.edu,0100000072,2023,active,2025-12-14T15:36:34.5200000,pass0072
73,STU0073,Janna Abdullah,1,0.00,1,1,0,134,student73@university.edu,0100000073,2023,active,2025-12-14T15:36:34.5200000,pass0073
74,STU0074,Yara Abdulmalik,1,0.00,1,1,0,134,student74@university.edu,0100000074,2023,active,2025-12-14T15:36:34.5200000,pass0074
75,STU0075,Lyn Abdulilah,1,0.00,1,1,0,134,student75@university.edu,0100000075,2023,active,2025-12-14T15:36:34.5200000,pass0075
76,STU0076,Nadeen Abdulmohsen,1,0.00,1,1,0,134,student76@university.edu,0100000076,2023,active,2025-12-14T15:36:34.5200000,pass0076
77,STU0077,Malak Abdulmueen,1,0.00,1,1,0,134,student77@university.edu,0100000077,2023,active,2025-12-14T15:36:34.5200000,pass0077
78,STU0078,Jawhara Fatima,1,0.00,1,1,0,134,student78@university.edu,0100000078,2023,active,2025-12-14T15:36:34.5200000,pass0078
79,STU0079,Arwa Sarah,1,0.00,1,1,0,134,student79@university.edu,0100000079,2023,active,2025-12-14T15:36:34.5533333,pass0079
80,STU0080,Dalal Maryam,1,0.00,1,1,0,134,student80@university.edu,0100000080,2023,active,2025-12-14T15:36:34.5533333,pass0080
81,STU0081,Ahlam Aisha,1,0.00,1,1,0,134,student81@university.edu,0100000081,2023,active,2025-12-14T15:36:34.5533333,pass0081
82,STU0082,Wafa Khadija,1,0.00,1,1,0,134,student82@university.edu,0100000082,2023,active,2025-12-14T15:36:34.5533333,pass0082
83,STU0083,Abeer Noura,1,0.00,1,1,0,134,student83@university.edu,0100000083,2023,active,2025-12-14T15:36:34.5533333,pass0083
84,STU0084,Salwa Latifa,1,0.00,1,1,0,134,student84@university.edu,0100000084,2023,active,2025-12-14T15:36:34.5533333,pass0084
85,STU0085,Nour Alhuda Hana,1,0.00,1,1,0,134,student85@university.edu,0100000085,2023,active,2025-12-14T15:36:34.5533333,pass0085
86,STU0086,Shorouk Iman,1,0.00,1,1,0,134,student86@university.edu,0100000086,2023,active,2025-12-14T15:36:34.5533333,pass0086
87,STU0087,Dhiya Amina,1,0.00,1,1,0,134,student87@university.edu,0100000087,2023,active,2025-12-14T15:36:34.5533333,pass0087
88,STU0088,Ishraq Hessa,1,0.00,1,1,0,134,student88@university.edu,0100000088,2023,active,2025-12-14T15:36:34.5533333,pass0088
89,STU0089,Talaq Aljohara,1,0.00,1,1,0,134,student89@university.edu,0100000089,2023,active,2025-12-14T15:36:34.5533333,pass0089
90,STU0090,Baha Nouf,1,0.00,1,1,0,134,student90@university.edu,0100000090,2023,active,2025-12-14T15:36:34.5533333,pass0090
91,STU0091,Anasam Lama,1,0.00,1,1,0,134,student91@university.edu,0100000091,2023,active,2025-12-14T15:36:34.5566667,pass0091
92,STU0092,Areej Reema,1,0.00,1,1,0,134,student92@university.edu,0100000092,2023,active,2025-12-14T15:36:34.5566667,pass0092
93,STU0093,Zuhour Dima,1,0.00,1,1,0,134,student93@university.edu,0100000093,2023,active,2025-12-14T15:36:34.5566667,pass0093
94,STU0094,Yasmin Shahd,1,0.00,1,1,0,134,student94@university.edu,0100000094,2023,active,2025-12-14T15:36:34.5566667,pass0094
95,STU0095,Nasreen Raghad,1,0.00,1,1,0,134,student95@university.edu,0100000095,2023,active,2025-12-14T15:36:34.5566667,pass0095
96,STU0096,Safa Razan,1,0.00,1,1,0,134,student96@university.edu,0100000096,2023,active,2025-12-14T15:36:34.5566667,pass0096
97,STU0097,Taif Tala,1,0.00,1,1,0,134,student97@university.edu,0100000097,2023,active,2025-12-14T15:36:34.5566667,pass0097
98,STU0098,Ahmed Reem,1,0.00,1,1,0,134,student98@university.edu,0100000098,2023,active,2025-12-14T15:36:34.5566667,pass0098
99,STU0099,Mohamed Amal,1,0.00,1,1,0,134,student99@university.edu,0100000099,2023,active,2025-12-14T15:36:34.5566667,pass0099
100,STU0100,Ali Samar,1,0.00,1,1,0,134,student100@university.edu,0100000100,2023,active,2025-12-14T15:36:34.5566667,pass0100
101,STU0101,Omar Mona,1,3.00,2,3,44,134,student101@university.edu,0100000101,2022,active,2025-12-14T15:36:34.5566667,pass0101
102,STU0102,Khaled Noha,1,3.02,2,3,44,134,student102@university.edu,0100000102,2022,active,2025-12-14T15:36:34.5566667,pass0102
103,STU0103,Saeed Maha,1,3.04,2,3,45,134,student103@university.edu,0100000103,2022,active,2025-12-14T15:36:34.5566667,pass0103
104,STU0104,Mostafa Ibtisam,1,3.06,2,3,43,134,student104@university.edu,0100000104,2022,active,2025-12-14T15:36:34.5566667,pass0104
105,STU0105,Youssef Basma,1,3.08,2,3,44,134,student105@university.edu,0100000105,2022,active,2025-12-14T15:36:34.5566667,pass0105
106,STU0106,Hassan Huda,1,3.10,2,3,42,134,student106@university.edu,0100000106,2022,active,2025-12-14T15:36:34.5566667,pass0106
107,STU0107,Hussein Zainab,1,3.12,2,3,45,134,student107@university.edu,0100000107,2022,active,2025-12-14T15:36:34.5566667,pass0107
108,STU0108,Ibrahim Malak,1,3.14,2,3,44,134,student108@university.edu,0100000108,2022,active,2025-12-14T15:36:34.5566667,pass0108
109,STU0109,Abdullah Janna,1,3.16,2,3,45,134,student109@university.edu,0100000109,2022,active,2025-12-14T15:36:34.5600000,pass0109
110,STU0110,Abdulrahman Yara,1,3.18,2,3,44,134,student110@university.edu,0100000110,2022,active,2025-12-14T15:36:34.5600000,pass0110
111,STU0111,Abdulaziz Lyn,1,3.20,2,3,43,134,student111@university.edu,0100000111,2022,active,2025-12-14T15:36:34.5600000,pass0111
112,STU0112,Salman Nadeen,1,3.22,2,3,44,134,student112@university.edu,0100000112,2022,active,2025-12-14T15:36:34.5600000,pass0112
113,STU0113,Faisal Malak,1,3.24,2,3,43,134,student113@university.edu,0100000113,2022,active,2025-12-14T15:36:34.5600000,pass0113
114,STU0114,Nasser Jawhara,1,3.26,2,3,42,134,student114@university.edu,0100000114,2022,active,2025-12-14T15:36:34.5600000,pass0114
115,STU0115,Bandar Arwa,1,3.28,2,3,45,134,student115@university.edu,0100000115,2022,active,2025-12-14T15:36:34.5600000,pass0115
116,STU0116,Fahd Dalal,1,3.30,2,3,45,134,student116@university.edu,0100000116,2022,active,2025-12-14T15:36:34.5600000,pass0116
117,STU0117,Naif Ahlam,1,3.32,2,3,45,134,student117@university.edu,0100000117,2022,active,2025-12-14T15:36:34.5600000,pass0117
118,STU0118,Turki Wafa,1,3.34,2,3,43,134,student118@university.edu,0100000118,2022,active,2025-12-14T15:36:34.5600000,pass0118
119,STU0119,Sulaiman Abeer,1,3.36,2,3,44,134,student119@university.edu,0100000119,2022,active,2025-12-14T15:36:34.5766667,pass0119
120,STU0120,Rashid Salwa,1,3.38,2,3,43,134,student120@university.edu,0100000120,2022,active,2025-12-14T15:36:34.5766667,pass0120
121,STU0121,Zaid Nour Alhuda,1,3.40,2,3,43,134,student121@university.edu,0100000121,2022,active,2025-12-14T15:36:34.5766667,pass0121
122,STU0122,Walid Shorouk,1,3.42,2,3,45,134,student122@university.edu,0100000122,2022,active,2025-12-14T15:36:34.5766667,pass0122
123,STU0123,Hisham Dhiya,1,3.44,2,3,44,134,student123@university.edu,0100000123,2022,active,2025-12-14T15:36:34.5766667,pass0123
124,STU0124,Tariq Ishraq,1,3.46,2,3,43,134,student124@university.edu,0100000124,2022,active,2025-12-14T15:36:34.5800000,pass0124
125,STU0125,Jamal Talaq,1,3.48,2,3,45,134,student125@university.edu,0100000125,2022,active,2025-12-14T15:36:34.5800000,pass0125
126,STU0126,Wissam Baha,1,2.00,2,3,41,134,student126@university.edu,0100000126,2022,active,2025-12-14T15:36:34.5800000,pass0126
127,STU0127,Qusai Anasam,1,2.02,2,3,42,134,student127@university.edu,0100000127,2022,active,2025-12-14T15:36:34.5800000,pass0127
128,STU0128,Faris Areej,1,2.04,2,3,42,134,student128@university.edu,0100000128,2022,active,2025-12-14T15:36:34.5800000,pass0128
129,STU0129,Nawaf Zuhour,1,2.06,2,3,41,134,student129@university.edu,0100000129,2022,active,2025-12-14T15:36:34.5800000,pass0129
130,STU0130,Majed Yasmin,1,2.08,2,3,39,134,student130@university.edu,0100000130,2022,active,2025-12-14T15:36:34.5800000,pass0130
131,STU0131,Badr Nasreen,1,2.10,2,3,41,134,student131@university.edu,0100000131,2022,active,2025-12-14T15:36:34.5800000,pass0131
132,STU0132,Riyadh Safa,1,2.12,2,3,42,134,student132@university.edu,0100000132,2022,active,2025-12-14T15:36:34.5800000,pass0132
133,STU0133,Salem Taif,1,2.14,2,3,41,134,student133@university.edu,0100000133,2022,active,2025-12-14T15:36:34.5800000,pass0133
134,STU0134,Abdullah Ahmed,1,2.16,2,3,42,134,student134@university.edu,0100000134,2022,active,2025-12-14T15:36:34.5800000,pass0134
135,STU0135,Abdulrahman Mohamed,1,2.18,2,3,39,134,student135@university.edu,0100000135,2022,active,2025-12-14T15:36:34.5800000,pass0135
136,STU0136,Abdulaziz Ali,1,2.20,2,3,41,134,student136@university.edu,0100000136,2022,active,2025-12-14T15:36:34.5800000,pass0136
137,STU0137,Salman Omar,1,2.22,2,3,41,134,student137@university.edu,0100000137,2022,active,2025-12-14T15:36:34.5800000,pass0137
138,STU0138,Faisal Khaled,1,2.24,2,3,41,134,student138@university.edu,0100000138,2022,active,2025-12-14T15:36:34.5800000,pass0138
139,STU0139,Nasser Saeed,1,2.26,2,3,42,134,student139@university.edu,0100000139,2022,active,2025-12-14T15:36:34.5800000,pass0139
140,STU0140,Bandar Mostafa,1,2.28,2,3,41,134,student140@university.edu,0100000140,2022,active,2025-12-14T15:36:34.5800000,pass0140
141,STU0141,Fahd Youssef,1,2.30,2,3,41,134,student141@university.edu,0100000141,2022,active,2025-12-14T15:36:34.5800000,pass0141
142,STU0142,Naif Hassan,1,2.32,2,3,39,134,student142@university.edu,0100000142,2022,active,2025-12-14T15:36:34.5800000,pass0142
143,STU0143,Turki Hussein,1,2.34,2,3,42,134,student143@university.edu,0100000143,2022,active,2025-12-14T15:36:34.5800000,pass0143
144,STU0144,Sulaiman Ibrahim,1,2.36,2,3,40,134,student144@university.edu,0100000144,2022,active,2025-12-14T15:36:34.5800000,pass0144
145,STU0145,Rashid Abdullah,1,2.38,2,3,41,134,student145@university.edu,0100000145,2022,active,2025-12-14T15:36:34.5800000,pass0145
146,STU0146,Zaid Abdulrahman,1,2.40,2,3,41,134,student146@university.edu,0100000146,2022,active,2025-12-14T15:36:34.5833333,pass0146
147,STU0147,Walid Abdulaziz,1,2.42,2,3,42,134,student147@university.edu,0100000147,2022,active,2025-12-14T15:36:34.5833333,pass0147
148,STU0148,Hisham Salman,1,2.44,2,3,40,134,student148@university.edu,0100000148,2022,active,2025-12-14T15:36:34.5833333,pass0148
149,STU0149,Tariq Faisal,1,2.46,2,3,40,134,student149@university.edu,0100000149,2022,active,2025-12-14T15:36:34.5833333,pass0149
150,STU0150,Jamal Nasser,1,2.48,2,3,41,134,student150@university.edu,0100000150,2022,active,2025-12-14T15:36:34.5833333,pass0150
151,STU0151,Wissam Bandar,1,2.50,2,3,41,134,student151@university.edu,0100000151,2022,active,2025-12-14T15:36:34.5833333,pass0151
152,STU0152,Qusai Fahd,1,2.52,2,3,40,134,student152@university.edu,0100000152,2022,active,2025-12-14T15:36:34.5833333,pass0152
153,STU0153,Faris Naif,1,2.54,2,3,42,134,student153@university.edu,0100000153,2022,active,2025-12-14T15:36:34.5833333,pass0153
154,STU0154,Nawaf Turki,1,2.56,2,3,42,134,student154@university.edu,0100000154,2022,active,2025-12-14T15:36:34.5833333,pass0154
155,STU0155,Majed Sulaiman,1,2.58,2,3,40,134,student155@university.edu,0100000155,2022,active,2025-12-14T15:36:34.5833333,pass0155
156,STU0156,Badr Rashid,1,2.60,2,3,42,134,student156@university.edu,0100000156,2022,active,2025-12-14T15:36:34.5833333,pass0156
157,STU0157,Riyadh Zaid,1,2.62,2,3,42,134,student157@university.edu,0100000157,2022,active,2025-12-14T15:36:34.5833333,pass0157
158,STU0158,Salem Walid,1,2.64,2,3,42,134,student158@university.edu,0100000158,2022,active,2025-12-14T15:36:34.6133333,pass0158
159,STU0159,Abdullah Hisham,1,2.66,2,3,42,134,student159@university.edu,0100000159,2022,active,2025-12-14T15:36:34.6133333,pass0159
160,STU0160,Abdulrahman Tariq,1,2.68,2,3,41,134,student160@university.edu,0100000160,2022,active,2025-12-14T15:36:34.6133333,pass0160
161,STU0161,Abdulaziz Jamal,1,2.70,2,3,40,134,student161@university.edu,0100000161,2022,active,2025-12-14T15:36:34.6133333,pass0161
162,STU0162,Salman Wissam,1,2.72,2,3,41,134,student162@university.edu,0100000162,2022,active,2025-12-14T15:36:34.6133333,pass0162
163,STU0163,Faisal Qusai,1,2.74,2,3,42,134,student163@university.edu,0100000163,2022,active,2025-12-14T15:36:34.6133333,pass0163
164,STU0164,Nasser Faris,1,2.76,2,3,42,134,student164@university.edu,0100000164,2022,active,2025-12-14T15:36:34.6133333,pass0164
165,STU0165,Bandar Nawaf,1,2.78,2,3,42,134,student165@university.edu,0100000165,2022,active,2025-12-14T15:36:34.6166667,pass0165
166,STU0166,Fahd Majed,1,2.80,2,3,42,134,student166@university.edu,0100000166,2022,active,2025-12-14T15:36:34.6166667,pass0166
167,STU0167,Naif Badr,1,2.82,2,3,42,134,student167@university.edu,0100000167,2022,active,2025-12-14T15:36:34.6166667,pass0167
168,STU0168,Turki Riyadh,1,2.84,2,3,42,134,student168@university.edu,0100000168,2022,active,2025-12-14T15:36:34.6166667,pass0168
169,STU0169,Sulaiman Salem,1,2.86,2,3,42,134,student169@university.edu,0100000169,2022,active,2025-12-14T15:36:34.6166667,pass0169
170,STU0170,Rashid Abdullah,1,2.88,2,3,41,134,student170@university.edu,0100000170,2022,active,2025-12-14T15:36:34.6166667,pass0170
171,STU0171,Zaid Abdulrahman,1,2.90,2,3,42,134,student171@university.edu,0100000171,2022,active,2025-12-14T15:36:34.6166667,pass0171
172,STU0172,Walid Abdulaziz,1,2.92,2,3,41,134,student172@university.edu,0100000172,2022,active,2025-12-14T15:36:34.6166667,pass0172
173,STU0173,Hisham Salman,1,2.94,2,3,42,134,student173@university.edu,0100000173,2022,active,2025-12-14T15:36:34.6166667,pass0173
174,STU0174,Tariq Faisal,1,2.96,2,3,41,134,student174@university.edu,0100000174,2022,active,2025-12-14T15:36:34.6166667,pass0174
175,STU0175,Jamal Nasser,1,2.98,2,3,40,134,student175@university.edu,0100000175,2022,active,2025-12-14T15:36:34.6166667,pass0175
176,STU0176,Wissam Bandar,1,0.99,2,3,38,134,student176@university.edu,0100000176,2022,active,2025-12-14T15:36:34.6166667,pass0176
177,STU0177,Qusai Fahd,1,1.03,2,3,38,134,student177@university.edu,0100000177,2022,active,2025-12-14T15:36:34.6166667,pass0177
178,STU0178,Faris Naif,1,1.07,2,3,38,134,student178@university.edu,0100000178,2022,active,2025-12-14T15:36:34.6166667,pass0178
179,STU0179,Nawaf Turki,1,1.11,2,3,39,134,student179@university.edu,0100000179,2022,active,2025-12-14T15:36:34.6166667,pass0179
180,STU0180,Majed Sulaiman,1,1.15,2,3,39,134,student180@university.edu,0100000180,2022,active,2025-12-14T15:36:34.6166667,pass0180
181,STU0181,Badr Rashid,1,1.19,2,3,38,134,student181@university.edu,0100000181,2022,active,2025-12-14T15:36:34.6200000,pass0181
182,STU0182,Riyadh Zaid,1,1.23,2,3,39,134,student182@university.edu,0100000182,2022,active,2025-12-14T15:36:34.6200000,pass0182
183,STU0183,Salem Walid,1,1.27,2,3,38,134,student183@university.edu,0100000183,2022,active,2025-12-14T15:36:34.6200000,pass0183
184,STU0184,Abdullah Hisham,1,1.31,2,3,39,134,student184@university.edu,0100000184,2022,active,2025-12-14T15:36:34.6200000,pass0184
185,STU0185,Abdulrahman Tariq,1,1.35,2,3,39,134,student185@university.edu,0100000185,2022,active,2025-12-14T15:36:34.6200000,pass0185
186,STU0186,Abdulaziz Jamal,1,1.39,2,3,37,134,student186@university.edu,0100000186,2022,active,2025-12-14T15:36:34.6200000,pass0186
187,STU0187,Salman Wissam,1,1.43,2,3,39,134,student187@university.edu,0100000187,2022,active,2025-12-14T15:36:34.6200000,pass0187
188,STU0188,Faisal Qusai,1,1.47,2,3,39,134,student188@university.edu,0100000188,2022,active,2025-12-14T15:36:34.6200000,pass0188
189,STU0189,Nasser Faris,1,1.51,2,3,39,134,student189@university.edu,0100000189,2022,active,2025-12-14T15:36:34.6200000,pass0189
190,STU0190,Bandar Nawaf,1,1.55,2,3,38,134,student190@university.edu,0100000190,2022,active,2025-12-14T15:36:34.6200000,pass0190
191,STU0191,Fahd Majed,1,1.59,2,3,38,134,student191@university.edu,0100000191,2022,active,2025-12-14T15:36:34.6200000,pass0191
192,STU0192,Naif Badr,1,1.63,2,3,39,134,student192@university.edu,0100000192,2022,active,2025-12-14T15:36:34.6200000,pass0192
193,STU0193,Turki Riyadh,1,1.67,2,3,37,134,student193@university.edu,0100000193,2022,active,2025-12-14T15:36:34.6200000,pass0193
194,STU0194,Sulaiman Salem,1,1.71,2,3,38,134,student194@university.edu,0100000194,2022,active,2025-12-14T15:36:34.6200000,pass0194
195,STU0195,Rashid Abdullah,1,1.75,2,3,39,134,student195@university.edu,0100000195,2022,active,2025-12-14T15:36:34.6200000,pass0195
196,STU0196,Zaid Abdulrahman,1,1.79,2,3,38,134,student196@university.edu,0100000196,2022,active,2025-12-14T15:36:34.6200000,pass0196
197,STU0197,Walid Abdulaziz,1,1.83,2,3,39,134,student197@university.edu,0100000197,2022,active,2025-12-14T15:36:34.6433333,pass0197
198,STU0198,Hisham Salman,1,1.87,2,3,38,134,student198@university.edu,0100000198,2022,active,2025-12-14T15:36:34.6433333,pass0198
199,STU0199,Tariq Faisal,1,1.91,2,3,38,134,student199@university.edu,0100000199,2022,active,2025-12-14T15:36:34.6433333,pass0199
200,STU0200,Jamal Nasser,1,1.95,2,3,38,134,student200@university.edu,0100000200,2022,active,2025-12-14T15:36:34.6433333,pass0200
201,STU0201,Wissam Bandar,1,3.00,3,5,82,134,student201@university.edu,0100000201,2021,active,2025-12-14T15:36:34.6433333,pass0201
202,STU0202,Qusai Fahd,1,3.02,3,5,80,134,student202@university.edu,0100000202,2021,active,2025-12-14T15:36:34.6433333,pass0202
203,STU0203,Faris Naif,1,3.04,3,5,83,134,student203@university.edu,0100000203,2021,active,2025-12-14T15:36:34.6433333,pass0203
204,STU0204,Nawaf Turki,1,3.06,3,5,82,134,student204@university.edu,0100000204,2021,active,2025-12-14T15:36:34.6433333,pass0204
205,STU0205,Majed Sulaiman,1,3.08,3,5,83,134,student205@university.edu,0100000205,2021,active,2025-12-14T15:36:34.6433333,pass0205
206,STU0206,Badr Rashid,1,3.10,3,5,81,134,student206@university.edu,0100000206,2021,active,2025-12-14T15:36:34.6433333,pass0206
207,STU0207,Riyadh Zaid,1,3.12,3,5,81,134,student207@university.edu,0100000207,2021,active,2025-12-14T15:36:34.6433333,pass0207
208,STU0208,Salem Walid,1,3.14,3,5,82,134,student208@university.edu,0100000208,2021,active,2025-12-14T15:36:34.6466667,pass0208
209,STU0209,Abdullah Hisham,1,3.16,3,5,81,134,student209@university.edu,0100000209,2021,active,2025-12-14T15:36:34.6466667,pass0209
210,STU0210,Abdulrahman Tariq,1,3.18,3,5,81,134,student210@university.edu,0100000210,2021,active,2025-12-14T15:36:34.6466667,pass0210
211,STU0211,Abdulaziz Jamal,1,3.20,3,5,81,134,student211@university.edu,0100000211,2021,active,2025-12-14T15:36:34.6466667,pass0211
212,STU0212,Salman Wissam,1,3.22,3,5,81,134,student212@university.edu,0100000212,2021,active,2025-12-14T15:36:34.6466667,pass0212
213,STU0213,Faisal Qusai,1,3.24,3,5,81,134,student213@university.edu,0100000213,2021,active,2025-12-14T15:36:34.6466667,pass0213
214,STU0214,Nasser Faris,1,3.26,3,5,81,134,student214@university.edu,0100000214,2021,active,2025-12-14T15:36:34.6466667,pass0214
215,STU0215,Bandar Nawaf,1,3.28,3,5,83,134,student215@university.edu,0100000215,2021,active,2025-12-14T15:36:34.6466667,pass0215
216,STU0216,Fahd Majed,1,3.30,3,5,83,134,student216@university.edu,0100000216,2021,active,2025-12-14T15:36:34.6466667,pass0216
217,STU0217,Naif Badr,1,3.32,3,5,83,134,student217@university.edu,0100000217,2021,active,2025-12-14T15:36:34.6466667,pass0217
218,STU0218,Turki Riyadh,1,3.34,3,5,83,134,student218@university.edu,0100000218,2021,active,2025-12-14T15:36:34.6466667,pass0218
219,STU0219,Sulaiman Salem,1,3.36,3,5,82,134,student219@university.edu,0100000219,2021,active,2025-12-14T15:36:34.6466667,pass0219
220,STU0220,Rashid Abdullah,1,3.38,3,5,81,134,student220@university.edu,0100000220,2021,active,2025-12-14T15:36:34.6466667,pass0220
221,STU0221,Zaid Abdulrahman,1,3.40,3,5,80,134,student221@university.edu,0100000221,2021,active,2025-12-14T15:36:34.6466667,pass0221
222,STU0222,Walid Abdulaziz,1,3.42,3,5,82,134,student222@university.edu,0100000222,2021,active,2025-12-14T15:36:34.6500000,pass0222
223,STU0223,Hisham Salman,1,3.44,3,5,84,134,student223@university.edu,0100000223,2021,active,2025-12-14T15:36:34.6500000,pass0223
224,STU0224,Tariq Faisal,1,3.46,3,5,81,134,student224@university.edu,0100000224,2021,active,2025-12-14T15:36:34.6500000,pass0224
225,STU0225,Jamal Nasser,1,3.48,3,5,81,134,student225@university.edu,0100000225,2021,active,2025-12-14T15:36:34.6500000,pass0225
226,STU0226,Wissam Bandar,1,2.00,3,5,75,134,student226@university.edu,0100000226,2021,active,2025-12-14T15:36:34.6500000,pass0226
227,STU0227,Qusai Fahd,1,2.02,3,5,78,134,student227@university.edu,0100000227,2021,active,2025-12-14T15:36:34.6500000,pass0227
228,STU0228,Faris Naif,1,2.04,3,5,78,134,student228@university.edu,0100000228,2021,active,2025-12-14T15:36:34.6500000,pass0228
229,STU0229,Nawaf Turki,1,2.06,3,5,74,134,student229@university.edu,0100000229,2021,active,2025-12-14T15:36:34.6500000,pass0229
230,STU0230,Majed Sulaiman,1,2.08,3,5,77,134,student230@university.edu,0100000230,2021,active,2025-12-14T15:36:34.6500000,pass0230
231,STU0231,Badr Rashid,1,2.10,3,5,75,134,student231@university.edu,0100000231,2021,active,2025-12-14T15:36:34.6500000,pass0231
232,STU0232,Riyadh Zaid,1,2.12,3,5,75,134,student232@university.edu,0100000232,2021,active,2025-12-14T15:36:34.6500000,pass0232
233,STU0233,Salem Walid,1,2.14,3,5,77,134,student233@university.edu,0100000233,2021,active,2025-12-14T15:36:34.6500000,pass0233
234,STU0234,Abdullah Hisham,1,2.16,3,5,76,134,student234@university.edu,0100000234,2021,active,2025-12-14T15:36:34.6500000,pass0234
235,STU0235,Abdulrahman Tariq,1,2.18,3,5,75,134,student235@university.edu,0100000235,2021,active,2025-12-14T15:36:34.6500000,pass0235
236,STU0236,Abdulaziz Jamal,1,2.20,3,5,77,134,student236@university.edu,0100000236,2021,active,2025-12-14T15:36:34.6500000,pass0236
237,STU0237,Salman Wissam,1,2.22,3,5,77,134,student237@university.edu,0100000237,2021,active,2025-12-14T15:36:34.6800000,pass0237
238,STU0238,Faisal Qusai,1,2.24,3,5,76,134,student238@university.edu,0100000238,2021,active,2025-12-14T15:36:34.6800000,pass0238
239,STU0239,Nasser Faris,1,2.26,3,5,75,134,student239@university.edu,0100000239,2021,active,2025-12-14T15:36:34.6800000,pass0239
240,STU0240,Bandar Nawaf,1,2.28,3,5,74,134,student240@university.edu,0100000240,2021,active,2025-12-14T15:36:34.6800000,pass0240
241,STU0241,Fahd Majed,1,2.30,3,5,76,134,student241@university.edu,0100000241,2021,active,2025-12-14T15:36:34.6800000,pass0241
242,STU0242,Naif Badr,1,2.32,3,5,76,134,student242@university.edu,0100000242,2021,active,2025-12-14T15:36:34.6833333,pass0242
243,STU0243,Turki Riyadh,1,2.34,3,5,78,134,student243@university.edu,0100000243,2021,active,2025-12-14T15:36:34.6833333,pass0243
244,STU0244,Sulaiman Salem,1,2.36,3,5,77,134,student244@university.edu,0100000244,2021,active,2025-12-14T15:36:34.6833333,pass0244
245,STU0245,Rashid Abdullah,1,2.38,3,5,76,134,student245@university.edu,0100000245,2021,active,2025-12-14T15:36:34.6833333,pass0245
246,STU0246,Zaid Abdulrahman,1,2.40,3,5,75,134,student246@university.edu,0100000246,2021,active,2025-12-14T15:36:34.6833333,pass0246
247,STU0247,Walid Abdulaziz,1,2.42,3,5,74,134,student247@university.edu,0100000247,2021,active,2025-12-14T15:36:34.6833333,pass0247
248,STU0248,Hisham Salman,1,2.44,3,5,78,134,student248@university.edu,0100000248,2021,active,2025-12-14T15:36:34.6833333,pass0248
249,STU0249,Tariq Faisal,1,2.46,3,5,77,134,student249@university.edu,0100000249,2021,active,2025-12-14T15:36:34.6833333,pass0249
250,STU0250,Jamal Nasser,1,2.48,3,5,76,134,student250@university.edu,0100000250,2021,active,2025-12-14T15:36:34.6833333,pass0250
251,STU0251,Wissam Bandar,1,2.50,3,5,76,134,student251@university.edu,0100000251,2021,active,2025-12-14T15:36:34.6833333,pass0251
252,STU0252,Qusai Fahd,1,2.52,3,5,77,134,student252@university.edu,0100000252,2021,active,2025-12-14T15:36:34.6833333,pass0252
253,STU0253,Faris Naif,1,2.54,3,5,76,134,student253@university.edu,0100000253,2021,active,2025-12-14T15:36:34.6833333,pass0253
254,STU0254,Nawaf Turki,1,2.56,3,5,77,134,student254@university.edu,0100000254,2021,active,2025-12-14T15:36:34.6833333,pass0254
255,STU0255,Majed Sulaiman,1,2.58,3,5,75,134,student255@university.edu,0100000255,2021,active,2025-12-14T15:36:34.6866667,pass0255
256,STU0256,Badr Rashid,1,2.60,3,5,76,134,student256@university.edu,0100000256,2021,active,2025-12-14T15:36:34.6866667,pass0256
257,STU0257,Riyadh Zaid,1,2.62,3,5,76,134,student257@university.edu,0100000257,2021,active,2025-12-14T15:36:34.6866667,pass0257
258,STU0258,Salem Walid,1,2.64,3,5,77,134,student258@university.edu,0100000258,2021,active,2025-12-14T15:36:34.6866667,pass0258
259,STU0259,Abdullah Hisham,1,2.66,3,5,76,134,student259@university.edu,0100000259,2021,active,2025-12-14T15:36:34.6866667,pass0259
260,STU0260,Abdulrahman Tariq,1,2.68,3,5,78,134,student260@university.edu,0100000260,2021,active,2025-12-14T15:36:34.6866667,pass0260
261,STU0261,Abdulaziz Jamal,1,2.70,3,5,77,134,student261@university.edu,0100000261,2021,active,2025-12-14T15:36:34.6866667,pass0261
262,STU0262,Salman Wissam,1,2.72,3,5,77,134,student262@university.edu,0100000262,2021,active,2025-12-14T15:36:34.6866667,pass0262
263,STU0263,Faisal Qusai,1,2.74,3,5,77,134,student263@university.edu,0100000263,2021,active,2025-12-14T15:36:34.6866667,pass0263
264,STU0264,Nasser Faris,1,2.76,3,5,76,134,student264@university.edu,0100000264,2021,active,2025-12-14T15:36:34.6866667,pass0264
265,STU0265,Bandar Nawaf,1,2.78,3,5,76,134,student265@university.edu,0100000265,2021,active,2025-12-14T15:36:34.6866667,pass0265
266,STU0266,Fahd Majed,1,2.80,3,5,77,134,student266@university.edu,0100000266,2021,active,2025-12-14T15:36:34.6866667,pass0266
267,STU0267,Naif Badr,1,2.82,3,5,76,134,student267@university.edu,0100000267,2021,active,2025-12-14T15:36:34.6866667,pass0267
268,STU0268,Turki Riyadh,1,2.84,3,5,75,134,student268@university.edu,0100000268,2021,active,2025-12-14T15:36:34.6866667,pass0268
269,STU0269,Sulaiman Salem,1,2.86,3,5,78,134,student269@university.edu,0100000269,2021,active,2025-12-14T15:36:34.6866667,pass0269
270,STU0270,Rashid Abdullah,1,2.88,3,5,75,134,student270@university.edu,0100000270,2021,active,2025-12-14T15:36:34.6866667,pass0270
271,STU0271,Zaid Abdulrahman,1,2.90,3,5,75,134,student271@university.edu,0100000271,2021,active,2025-12-14T15:36:34.6900000,pass0271
272,STU0272,Walid Abdulaziz,1,2.92,3,5,76,134,student272@university.edu,0100000272,2021,active,2025-12-14T15:36:34.6900000,pass0272
273,STU0273,Hisham Salman,1,2.94,3,5,75,134,student273@university.edu,0100000273,2021,active,2025-12-14T15:36:34.6900000,pass0273
274,STU0274,Tariq Faisal,1,2.96,3,5,76,134,student274@university.edu,0100000274,2021,active,2025-12-14T15:36:34.6900000,pass0274
275,STU0275,Jamal Nasser,1,2.98,3,5,77,134,student275@university.edu,0100000275,2021,active,2025-12-14T15:36:34.6900000,pass0275
276,STU0276,Wissam Bandar,1,0.99,3,5,67,134,student276@university.edu,0100000276,2021,active,2025-12-14T15:36:34.7200000,pass0276
277,STU0277,Qusai Fahd,1,1.03,3,5,67,134,student277@university.edu,0100000277,2021,active,2025-12-14T15:36:34.7200000,pass0277
278,STU0278,Faris Naif,1,1.07,3,5,68,134,student278@university.edu,0100000278,2021,active,2025-12-14T15:36:34.7200000,pass0278
279,STU0279,Nawaf Turki,1,1.11,3,5,67,134,student279@university.edu,0100000279,2021,active,2025-12-14T15:36:34.7200000,pass0279
280,STU0280,Majed Sulaiman,1,1.15,3,5,67,134,student280@university.edu,0100000280,2021,active,2025-12-14T15:36:34.7200000,pass0280
281,STU0281,Badr Rashid,1,1.19,3,5,69,134,student281@university.edu,0100000281,2021,active,2025-12-14T15:36:34.7200000,pass0281
282,STU0282,Riyadh Zaid,1,1.23,3,5,67,134,student282@university.edu,0100000282,2021,active,2025-12-14T15:36:34.7200000,pass0282
283,STU0283,Salem Walid,1,1.27,3,5,68,134,student283@university.edu,0100000283,2021,active,2025-12-14T15:36:34.7200000,pass0283
284,STU0284,Abdullah Hisham,1,1.31,3,5,67,134,student284@university.edu,0100000284,2021,active,2025-12-14T15:36:34.7200000,pass0284
285,STU0285,Abdulrahman Tariq,1,1.35,3,5,66,134,student285@university.edu,0100000285,2021,active,2025-12-14T15:36:34.7200000,pass0285
286,STU0286,Abdulaziz Jamal,1,1.39,3,5,67,134,student286@university.edu,0100000286,2021,active,2025-12-14T15:36:34.7200000,pass0286
287,STU0287,Salman Wissam,1,1.43,3,5,66,134,student287@university.edu,0100000287,2021,active,2025-12-14T15:36:34.7200000,pass0287
288,STU0288,Faisal Qusai,1,1.47,3,5,66,134,student288@university.edu,0100000288,2021,active,2025-12-14T15:36:34.7200000,pass0288
289,STU0289,Nasser Faris,1,1.51,3,5,67,134,student289@university.edu,0100000289,2021,active,2025-12-14T15:36:34.7200000,pass0289
290,STU0290,Bandar Nawaf,1,1.55,3,5,68,134,student290@university.edu,0100000290,2021,active,2025-12-14T15:36:34.7233333,pass0290
291,STU0291,Fahd Majed,1,1.59,3,5,68,134,student291@university.edu,0100000291,2021,active,2025-12-14T15:36:34.7233333,pass0291
292,STU0292,Naif Badr,1,1.63,3,5,69,134,student292@university.edu,0100000292,2021,active,2025-12-14T15:36:34.7233333,pass0292
293,STU0293,Turki Riyadh,1,1.67,3,5,66,134,student293@university.edu,0100000293,2021,active,2025-12-14T15:36:34.7233333,pass0293
294,STU0294,Sulaiman Salem,1,1.71,3,5,67,134,student294@university.edu,0100000294,2021,active,2025-12-14T15:36:34.7233333,pass0294
295,STU0295,Rashid Abdullah,1,1.75,3,5,66,134,student295@university.edu,0100000295,2021,active,2025-12-14T15:36:34.7233333,pass0295
296,STU0296,Zaid Abdulrahman,1,1.79,3,5,67,134,student296@university.edu,0100000296,2021,active,2025-12-14T15:36:34.7233333,pass0296
297,STU0297,Walid Abdulaziz,1,1.83,3,5,68,134,student297@university.edu,0100000297,2021,active,2025-12-14T15:36:34.7233333,pass0297
298,STU0298,Hisham Salman,1,1.87,3,5,69,134,student298@university.edu,0100000298,2021,active,2025-12-14T15:36:34.7233333,pass0298
299,STU0299,Tariq Faisal,1,1.91,3,5,66,134,student299@university.edu,0100000299,2021,active,2025-12-14T15:36:34.7233333,pass0299
300,STU0300,Jamal Nasser,1,1.95,3,5,67,134,student300@university.edu,0100000300,2021,active,2025-12-14T15:36:34.7233333,pass0300
301,STU0301,Wissam Bandar,1,3.00,4,7,126,134,student301@university.edu,0100000301,2020,active,2025-12-14T15:36:34.7233333,pass0301
302,STU0302,Qusai Fahd,1,3.02,4,7,126,134,student302@university.edu,0100000302,2020,active,2025-12-14T15:36:34.7233333,pass0302
303,STU0303,Faris Naif,1,3.04,4,7,126,134,student303@university.edu,0100000303,2020,active,2025-12-14T15:36:34.7233333,pass0303
304,STU0304,Nawaf Turki,1,3.06,4,7,127,134,student304@university.edu,0100000304,2020,active,2025-12-14T15:36:34.7233333,pass0304
305,STU0305,Majed Sulaiman,1,3.08,4,7,126,134,student305@university.edu,0100000305,2020,active,2025-12-14T15:36:34.7266667,pass0305
306,STU0306,Badr Rashid,1,3.10,4,7,124,134,student306@university.edu,0100000306,2020,active,2025-12-14T15:36:34.7266667,pass0306
307,STU0307,Riyadh Zaid,1,3.12,4,7,125,134,student307@university.edu,0100000307,2020,active,2025-12-14T15:36:34.7266667,pass0307
308,STU0308,Salem Walid,1,3.14,4,7,124,134,student308@university.edu,0100000308,2020,active,2025-12-14T15:36:34.7266667,pass0308
309,STU0309,Abdullah Hisham,1,3.16,4,7,124,134,student309@university.edu,0100000309,2020,active,2025-12-14T15:36:34.7266667,pass0309
310,STU0310,Abdulrahman Tariq,1,3.18,4,7,126,134,student310@university.edu,0100000310,2020,active,2025-12-14T15:36:34.7266667,pass0310
311,STU0311,Abdulaziz Jamal,1,3.20,4,7,126,134,student311@university.edu,0100000311,2020,active,2025-12-14T15:36:34.7266667,pass0311
312,STU0312,Salman Wissam,1,3.22,4,7,125,134,student312@university.edu,0100000312,2020,active,2025-12-14T15:36:34.7266667,pass0312
313,STU0313,Faisal Qusai,1,3.24,4,7,126,134,student313@university.edu,0100000313,2020,active,2025-12-14T15:36:34.7266667,pass0313
314,STU0314,Nasser Faris,1,3.26,4,7,126,134,student314@university.edu,0100000314,2020,active,2025-12-14T15:36:34.7266667,pass0314
315,STU0315,Bandar Nawaf,1,3.28,4,7,124,134,student315@university.edu,0100000315,2020,active,2025-12-14T15:36:34.7533333,pass0315
316,STU0316,Fahd Majed,1,3.30,4,7,126,134,student316@university.edu,0100000316,2020,active,2025-12-14T15:36:34.7533333,pass0316
317,STU0317,Naif Badr,1,3.32,4,7,127,134,student317@university.edu,0100000317,2020,active,2025-12-14T15:36:34.7533333,pass0317
318,STU0318,Turki Riyadh,1,3.34,4,7,126,134,student318@university.edu,0100000318,2020,active,2025-12-14T15:36:34.7533333,pass0318
319,STU0319,Sulaiman Salem,1,3.36,4,7,126,134,student319@university.edu,0100000319,2020,active,2025-12-14T15:36:34.7533333,pass0319
320,STU0320,Rashid Abdullah,1,3.38,4,7,125,134,student320@university.edu,0100000320,2020,active,2025-12-14T15:36:34.7533333,pass0320
321,STU0321,Zaid Abdulrahman,1,3.40,4,7,126,134,student321@university.edu,0100000321,2020,active,2025-12-14T15:36:34.7533333,pass0321
322,STU0322,Walid Abdulaziz,1,3.42,4,7,126,134,student322@university.edu,0100000322,2020,active,2025-12-14T15:36:34.7533333,pass0322
323,STU0323,Hisham Salman,1,3.44,4,7,124,134,student323@university.edu,0100000323,2020,active,2025-12-14T15:36:34.7533333,pass0323
324,STU0324,Tariq Faisal,1,3.46,4,7,126,134,student324@university.edu,0100000324,2020,active,2025-12-14T15:36:34.7533333,pass0324
325,STU0325,Jamal Nasser,1,3.48,4,7,128,134,student325@university.edu,0100000325,2020,active,2025-12-14T15:36:34.7533333,pass0325
326,STU0326,Wissam Bandar,1,2.00,4,7,110,134,student326@university.edu,0100000326,2020,active,2025-12-14T15:36:34.7566667,pass0326
327,STU0327,Qusai Fahd,1,2.02,4,7,110,134,student327@university.edu,0100000327,2020,active,2025-12-14T15:36:34.7566667,pass0327
328,STU0328,Faris Naif,1,2.04,4,7,112,134,student328@university.edu,0100000328,2020,active,2025-12-14T15:36:34.7566667,pass0328
329,STU0329,Nawaf Turki,1,2.06,4,7,111,134,student329@university.edu,0100000329,2020,active,2025-12-14T15:36:34.7566667,pass0329
330,STU0330,Majed Sulaiman,1,2.08,4,7,111,134,student330@university.edu,0100000330,2020,active,2025-12-14T15:36:34.7566667,pass0330
331,STU0331,Badr Rashid,1,2.10,4,7,110,134,student331@university.edu,0100000331,2020,active,2025-12-14T15:36:34.7566667,pass0331
332,STU0332,Riyadh Zaid,1,2.12,4,7,110,134,student332@university.edu,0100000332,2020,active,2025-12-14T15:36:34.7566667,pass0332
333,STU0333,Salem Walid,1,2.14,4,7,111,134,student333@university.edu,0100000333,2020,active,2025-12-14T15:36:34.7566667,pass0333
334,STU0334,Abdullah Hisham,1,2.16,4,7,110,134,student334@university.edu,0100000334,2020,active,2025-12-14T15:36:34.7566667,pass0334
335,STU0335,Abdulrahman Tariq,1,2.18,4,7,110,134,student335@university.edu,0100000335,2020,active,2025-12-14T15:36:34.7566667,pass0335
336,STU0336,Abdulaziz Jamal,1,2.20,4,7,109,134,student336@university.edu,0100000336,2020,active,2025-12-14T15:36:34.7566667,pass0336
337,STU0337,Salman Wissam,1,2.22,4,7,110,134,student337@university.edu,0100000337,2020,active,2025-12-14T15:36:34.7566667,pass0337
338,STU0338,Faisal Qusai,1,2.24,4,7,110,134,student338@university.edu,0100000338,2020,active,2025-12-14T15:36:34.7566667,pass0338
339,STU0339,Nasser Faris,1,2.26,4,7,111,134,student339@university.edu,0100000339,2020,active,2025-12-14T15:36:34.7566667,pass0339
340,STU0340,Bandar Nawaf,1,2.28,4,7,109,134,student340@university.edu,0100000340,2020,active,2025-12-14T15:36:34.7566667,pass0340
341,STU0341,Fahd Majed,1,2.30,4,7,110,134,student341@university.edu,0100000341,2020,active,2025-12-14T15:36:34.7566667,pass0341
342,STU0342,Naif Badr,1,2.32,4,7,109,134,student342@university.edu,0100000342,2020,active,2025-12-14T15:36:34.7566667,pass0342
343,STU0343,Turki Riyadh,1,2.34,4,7,112,134,student343@university.edu,0100000343,2020,active,2025-12-14T15:36:34.7600000,pass0343
344,STU0344,Sulaiman Salem,1,2.36,4,7,109,134,student344@university.edu,0100000344,2020,active,2025-12-14T15:36:34.7600000,pass0344
345,STU0345,Rashid Abdullah,1,2.38,4,7,112,134,student345@university.edu,0100000345,2020,active,2025-12-14T15:36:34.7600000,pass0345
346,STU0346,Zaid Abdulrahman,1,2.40,4,7,111,134,student346@university.edu,0100000346,2020,active,2025-12-14T15:36:34.7600000,pass0346
347,STU0347,Walid Abdulaziz,1,2.42,4,7,111,134,student347@university.edu,0100000347,2020,active,2025-12-14T15:36:34.7600000,pass0347
348,STU0348,Hisham Salman,1,2.44,4,7,109,134,student348@university.edu,0100000348,2020,active,2025-12-14T15:36:34.7600000,pass0348
349,STU0349,Tariq Faisal,1,2.46,4,7,109,134,student349@university.edu,0100000349,2020,active,2025-12-14T15:36:34.7600000,pass0349
350,STU0350,Jamal Nasser,1,2.48,4,7,110,134,student350@university.edu,0100000350,2020,active,2025-12-14T15:36:34.7600000,pass0350
351,STU0351,Wissam Bandar,1,2.50,4,7,110,134,student351@university.edu,0100000351,2020,active,2025-12-14T15:36:34.7600000,pass0351
352,STU0352,Qusai Fahd,1,2.52,4,7,111,134,student352@university.edu,0100000352,2020,active,2025-12-14T15:36:34.7600000,pass0352
353,STU0353,Faris Naif,1,2.54,4,7,111,134,student353@university.edu,0100000353,2020,active,2025-12-14T15:36:34.7600000,pass0353
354,STU0354,Nawaf Turki,1,2.56,4,7,111,134,student354@university.edu,0100000354,2020,active,2025-12-14T15:36:34.7600000,pass0354
355,STU0355,Majed Sulaiman,1,2.58,4,7,111,134,student355@university.edu,0100000355,2020,active,2025-12-14T15:36:34.7800000,pass0355
356,STU0356,Badr Rashid,1,2.60,4,7,108,134,student356@university.edu,0100000356,2020,active,2025-12-14T15:36:34.7800000,pass0356
357,STU0357,Riyadh Zaid,1,2.62,4,7,110,134,student357@university.edu,0100000357,2020,active,2025-12-14T15:36:34.7800000,pass0357
358,STU0358,Salem Walid,1,2.64,4,7,112,134,student358@university.edu,0100000358,2020,active,2025-12-14T15:36:34.7800000,pass0358
359,STU0359,Abdullah Hisham,1,2.66,4,7,110,134,student359@university.edu,0100000359,2020,active,2025-12-14T15:36:34.7800000,pass0359
360,STU0360,Abdulrahman Tariq,1,2.68,4,7,110,134,student360@university.edu,0100000360,2020,active,2025-12-14T15:36:34.7800000,pass0360
361,STU0361,Abdulaziz Jamal,1,2.70,4,7,110,134,student361@university.edu,0100000361,2020,active,2025-12-14T15:36:34.7800000,pass0361
362,STU0362,Salman Wissam,1,2.72,4,7,111,134,student362@university.edu,0100000362,2020,active,2025-12-14T15:36:34.7833333,pass0362
363,STU0363,Faisal Qusai,1,2.74,4,7,111,134,student363@university.edu,0100000363,2020,active,2025-12-14T15:36:34.7833333,pass0363
364,STU0364,Nasser Faris,1,2.76,4,7,110,134,student364@university.edu,0100000364,2020,active,2025-12-14T15:36:34.7833333,pass0364
365,STU0365,Bandar Nawaf,1,2.78,4,7,111,134,student365@university.edu,0100000365,2020,active,2025-12-14T15:36:34.7833333,pass0365
366,STU0366,Fahd Majed,1,2.80,4,7,112,134,student366@university.edu,0100000366,2020,active,2025-12-14T15:36:34.7833333,pass0366
367,STU0367,Naif Badr,1,2.82,4,7,111,134,student367@university.edu,0100000367,2020,active,2025-12-14T15:36:34.7833333,pass0367
368,STU0368,Turki Riyadh,1,2.84,4,7,111,134,student368@university.edu,0100000368,2020,active,2025-12-14T15:36:34.7833333,pass0368
369,STU0369,Sulaiman Salem,1,2.86,4,7,113,134,student369@university.edu,0100000369,2020,active,2025-12-14T15:36:34.7833333,pass0369
370,STU0370,Rashid Abdullah,1,2.88,4,7,111,134,student370@university.edu,0100000370,2020,active,2025-12-14T15:36:34.7833333,pass0370
371,STU0371,Zaid Abdulrahman,1,2.90,4,7,109,134,student371@university.edu,0100000371,2020,active,2025-12-14T15:36:34.7833333,pass0371
372,STU0372,Walid Abdulaziz,1,2.92,4,7,111,134,student372@university.edu,0100000372,2020,active,2025-12-14T15:36:34.7833333,pass0372
373,STU0373,Hisham Salman,1,2.94,4,7,111,134,student373@university.edu,0100000373,2020,active,2025-12-14T15:36:34.7833333,pass0373
374,STU0374,Tariq Faisal,1,2.96,4,7,112,134,student374@university.edu,0100000374,2020,active,2025-12-14T15:36:34.7833333,pass0374
375,STU0375,Jamal Nasser,1,2.98,4,7,112,134,student375@university.edu,0100000375,2020,active,2025-12-14T15:36:34.7833333,pass0375
376,STU0376,Wissam Bandar,1,0.99,4,7,99,134,student376@university.edu,0100000376,2020,active,2025-12-14T15:36:34.7833333,pass0376
377,STU0377,Qusai Fahd,1,1.03,4,7,101,134,student377@university.edu,0100000377,2020,active,2025-12-14T15:36:34.7833333,pass0377
378,STU0378,Faris Naif,1,1.07,4,7,97,134,student378@university.edu,0100000378,2020,active,2025-12-14T15:36:34.7866667,pass0378
379,STU0379,Nawaf Turki,1,1.11,4,7,99,134,student379@university.edu,0100000379,2020,active,2025-12-14T15:36:34.7866667,pass0379
380,STU0380,Majed Sulaiman,1,1.15,4,7,100,134,student380@university.edu,0100000380,2020,active,2025-12-14T15:36:34.7866667,pass0380
381,STU0381,Badr Rashid,1,1.19,4,7,99,134,student381@university.edu,0100000381,2020,active,2025-12-14T15:36:34.7866667,pass0381
382,STU0382,Riyadh Zaid,1,1.23,4,7,101,134,student382@university.edu,0100000382,2020,active,2025-12-14T15:36:34.7866667,pass0382
383,STU0383,Salem Walid,1,1.27,4,7,99,134,student383@university.edu,0100000383,2020,active,2025-12-14T15:36:34.7866667,pass0383
384,STU0384,Abdullah Hisham,1,1.31,4,7,100,134,student384@university.edu,0100000384,2020,active,2025-12-14T15:36:34.7866667,pass0384
385,STU0385,Abdulrahman Tariq,1,1.35,4,7,98,134,student385@university.edu,0100000385,2020,active,2025-12-14T15:36:34.7866667,pass0385
386,STU0386,Abdulaziz Jamal,1,1.39,4,7,98,134,student386@university.edu,0100000386,2020,active,2025-12-14T15:36:34.7866667,pass0386
387,STU0387,Salman Wissam,1,1.43,4,7,101,134,student387@university.edu,0100000387,2020,active,2025-12-14T15:36:34.7866667,pass0387
388,STU0388,Faisal Qusai,1,1.47,4,7,100,134,student388@university.edu,0100000388,2020,active,2025-12-14T15:36:34.7866667,pass0388
389,STU0389,Nasser Faris,1,1.51,4,7,101,134,student389@university.edu,0100000389,2020,active,2025-12-14T15:36:34.7866667,pass0389
390,STU0390,Bandar Nawaf,1,1.55,4,7,99,134,student390@university.edu,0100000390,2020,active,2025-12-14T15:36:34.7866667,pass0390
391,STU0391,Fahd Majed,1,1.59,4,7,100,134,student391@university.edu,0100000391,2020,active,2025-12-14T15:36:34.7866667,pass0391
392,STU0392,Naif Badr,1,1.63,4,7,99,134,student392@university.edu,0100000392,2020,active,2025-12-14T15:36:34.7866667,pass0392
393,STU0393,Turki Riyadh,1,1.67,4,7,99,134,student393@university.edu,0100000393,2020,active,2025-12-14T15:36:34.7866667,pass0393
394,STU0394,Sulaiman Salem,1,1.71,4,7,98,134,student394@university.edu,0100000394,2020,active,2025-12-14T15:36:34.8166667,pass0394
395,STU0395,Rashid Abdullah,1,1.75,4,7,99,134,student395@university.edu,0100000395,2020,active,2025-12-14T15:36:34.8166667,pass0395
396,STU0396,Zaid Abdulrahman,1,1.79,4,7,100,134,student396@university.edu,0100000396,2020,active,2025-12-14T15:36:34.8166667,pass0396
397,STU0397,Walid Abdulaziz,1,1.83,4,7,97,134,student397@university.edu,0100000397,2020,active,2025-12-14T15:36:34.8166667,pass0397
398,STU0398,Hisham Salman,1,1.87,4,7,99,134,student398@university.edu,0100000398,2020,active,2025-12-14T15:36:34.8166667,pass0398
399,STU0399,Tariq Faisal,1,1.91,4,7,100,134,student399@university.edu,0100000399,2020,active,2025-12-14T15:36:34.8166667,pass0399
400,STU0400,Jamal Nasser,1,1.95,4,7,99,134,student400@university.edu,0100000400,2020,active,2025-12-14T15:36:34.8166667,pass0400
